{
    "max_tokens": [
        115,
        116,
        117,
        118,
        119,
        120,
        121,
        122,
        123,
        124,
        125,
        126,
        127,
        128,
        129,
        130,
        131,
        132,
        133,
        134,
        135,
        136,
        137,
        138,
        139,
        140,
        141,
        142,
        143,
        144,
        145,
        146,
        147,
        148,
        149,
        150,
        151,
        152,
        153,
        154,
        155,
        156,
        157,
        158,
        159,
        160,
        161,
        162,
        163,
        164,
        165,
        166,
        167,
        168,
        169,
        170,
        171,
        172,
        173,
        174,
        175,
        176,
        177,
        178,
        179,
        180,
        181,
        182,
        183,
        184,
        185,
        186,
        187,
        188,
        189,
        190,
        191,
        192,
        193,
        194,
        195,
        196,
        197,
        198,
        199,
        200,
        201,
        202,
        203,
        204,
        205,
        206,
        207,
        208,
        209,
        210,
        211,
        212,
        213,
        214,
        215,
        216,
        217,
        218,
        219,
        220,
        221,
        222,
        223,
        224,
        225,
        226,
        227,
        228,
        229,
        230,
        231,
        232,
        233,
        234,
        235,
        236,
        237,
        238,
        239,
        240,
        241,
        242,
        243,
        244,
        245,
        246,
        247,
        248,
        249,
        250,
        251,
        252,
        253,
        254,
        255
    ],
    "probabilities": [
        0.00918275930718694,
        0.008286880350388215,
        0.008162452717499503,
        0.00918275930718694,
        0.009456500099542107,
        0.008087796137766275,
        0.008311765876965957,
        0.009058331674298228,
        0.00918275930718694,
        0.009257415886920167,
        0.008286880350388215,
        0.00990443957794147,
        0.008933904041409516,
        0.00885924746167629,
        0.008809476408520804,
        0.008685048775632092,
        0.009157873780609197,
        0.008784590881943062,
        0.008809476408520804,
        0.008261994823810471,
        0.00803802508461079,
        0.008286880350388215,
        0.008485964563010153,
        0.008336651403543699,
        0.008535735616165639,
        0.008585506669321123,
        0.008386422456699183,
        0.008311765876965957,
        0.008685048775632092,
        0.009132988254031455,
        0.009008560621142744,
        0.008286880350388215,
        0.008436193509854669,
        0.009008560621142744,
        0.008585506669321123,
        0.007415886920167231,
        0.008411307983276927,
        0.00875970535536532,
        0.008361536930121441,
        0.007714513239100139,
        0.008685048775632092,
        0.00813756719092176,
        0.008386422456699183,
        0.007888711925144336,
        0.007714513239100139,
        0.0074407724467449735,
        0.008311765876965957,
        0.008162452717499503,
        0.00846107903643241,
        0.007764284292255624,
        0.007639856659366912,
        0.008336651403543699,
        0.007689627712522397,
        0.006644435596257217,
        0.00803802508461079,
        0.007664742185944654,
        0.007341230340434004,
        0.007590085606211427,
        0.007366115867011746,
        0.008610392195898865,
        0.007540314553055942,
        0.0074905434999004575,
        0.007540314553055942,
        0.007067489548078837,
        0.007017718494923352,
        0.007938482978299822,
        0.007739398765677882,
        0.007913597451722078,
        0.007117260601234322,
        0.007291459287278519,
        0.007689627712522397,
        0.006644435596257217,
        0.007664742185944654,
        0.007167031654389807,
        0.007142146127812064,
        0.007216802707545292,
        0.00709237507465658,
        0.007142146127812064,
        0.0074407724467449735,
        0.0068932908620346406,
        0.007291459287278519,
        0.00647023691021302,
        0.006395580330479793,
        0.007191917180967549,
        0.007167031654389807,
        0.006544893489946247,
        0.006768863229145929,
        0.006594664543101732,
        0.006221381644435597,
        0.006669321122834959,
        0.0063706948039020505,
        0.006544893489946247,
        0.0069430619151901254,
        0.006719092175990444,
        0.00647023691021302,
        0.005673900059725264,
        0.006445351383635277,
        0.007067489548078837,
        0.0057983276926139755,
        0.006843519808879156,
        0.006022297431813657,
        0.006146725064702369,
        0.005574357953414294,
        0.005823213219191718,
        0.005922755325502687,
        0.005624129006569779,
        0.005599243479992037,
        0.004952219788970735,
        0.005350388214214612,
        0.0058480987457694604,
        0.00647023691021302,
        0.005723671112880749,
        0.005549472426836552,
        0.0052508461079036435,
        0.005599243479992037,
        0.005972526378658172,
        0.005474815847103325,
        0.005549472426836552,
        0.0057983276926139755,
        0.005201075054748159,
        0.0047033645231933105,
        0.0052757316344813855,
        0.00542504479394784,
        0.004877563209237507,
        0.005225960581325901,
        0.004952219788970735,
        0.00542504479394784,
        0.00542504479394784,
        0.0052508461079036435,
        0.004578936890304599,
        0.004529165837149114,
        0.004927334262392992,
        0.004877563209237507,
        0.004454509257415887,
        0.004578936890304599,
        0.005549472426836552,
        0.004852677682659765,
        0.004927334262392992,
        0.004778021102926538,
        0.005051761895281704,
        0.004628707943460084
    ]
}