{
    "max_tokens": [
        116,
        117,
        118,
        119,
        120,
        121,
        122,
        123,
        124,
        125,
        126,
        127,
        128,
        129,
        130,
        131,
        132,
        133,
        134,
        135,
        136,
        137,
        138,
        139,
        140,
        141,
        142,
        143,
        144,
        145,
        146,
        147,
        148,
        149,
        150,
        151,
        152,
        153,
        154,
        155,
        156,
        157,
        158,
        159,
        160,
        161,
        162,
        163,
        164,
        165,
        166,
        167,
        168,
        169,
        170,
        171,
        172,
        173,
        174,
        175,
        176,
        177,
        178,
        179,
        180,
        181,
        182,
        183,
        184,
        185,
        186,
        187,
        188,
        189,
        190,
        191,
        192,
        193,
        194,
        195,
        196,
        197,
        198,
        199,
        200,
        201,
        202,
        203,
        204,
        205,
        206,
        207,
        208,
        209,
        210,
        211,
        212,
        213,
        214,
        215,
        216,
        217,
        218,
        219,
        220,
        221,
        222,
        223,
        224,
        225,
        226,
        227,
        228,
        229,
        230,
        231,
        232,
        233,
        234,
        235,
        236,
        237,
        238,
        239,
        240,
        241,
        242,
        243,
        244,
        245,
        246,
        247,
        248,
        249,
        250,
        251,
        252,
        253,
        254,
        255,
        256,
        257
    ],
    "probabilities": [
        0.00869221651521138,
        0.009284867641248518,
        0.010470169893322797,
        0.009877518767285659,
        0.009284867641248518,
        0.005728960885025681,
        0.01066772026866851,
        0.00809956538917424,
        0.00809956538917424,
        0.00869221651521138,
        0.010865270644014224,
        0.007902015013828527,
        0.00809956538917424,
        0.009284867641248518,
        0.008297115764519953,
        0.00869221651521138,
        0.008889766890557092,
        0.0075069142631371,
        0.009284867641248518,
        0.008297115764519953,
        0.009087317265902806,
        0.007704464638482813,
        0.008494666139865666,
        0.007704464638482813,
        0.007704464638482813,
        0.010272619517977083,
        0.007704464638482813,
        0.010470169893322797,
        0.011853022520742789,
        0.008297115764519953,
        0.010470169893322797,
        0.009087317265902806,
        0.010075069142631371,
        0.009284867641248518,
        0.009877518767285659,
        0.008297115764519953,
        0.008297115764519953,
        0.010272619517977083,
        0.008297115764519953,
        0.00809956538917424,
        0.007902015013828527,
        0.007902015013828527,
        0.009284867641248518,
        0.007902015013828527,
        0.010075069142631371,
        0.007111813512445673,
        0.009284867641248518,
        0.00691426313709996,
        0.00809956538917424,
        0.007111813512445673,
        0.007111813512445673,
        0.007704464638482813,
        0.009284867641248518,
        0.0073093638877913866,
        0.009482418016594232,
        0.008297115764519953,
        0.008494666139865666,
        0.00809956538917424,
        0.007111813512445673,
        0.008494666139865666,
        0.0075069142631371,
        0.004938759383642829,
        0.006716712761754247,
        0.007902015013828527,
        0.00691426313709996,
        0.006519162386408534,
        0.005333860134334255,
        0.005926511260371394,
        0.007902015013828527,
        0.0073093638877913866,
        0.00809956538917424,
        0.005136309758988542,
        0.007704464638482813,
        0.006519162386408534,
        0.006716712761754247,
        0.006321612011062821,
        0.0075069142631371,
        0.005531410509679968,
        0.005531410509679968,
        0.0073093638877913866,
        0.007111813512445673,
        0.0061240616357171075,
        0.00869221651521138,
        0.0075069142631371,
        0.005333860134334255,
        0.00809956538917424,
        0.005926511260371394,
        0.006519162386408534,
        0.005136309758988542,
        0.0061240616357171075,
        0.008494666139865666,
        0.006716712761754247,
        0.004741209008297116,
        0.005136309758988542,
        0.005333860134334255,
        0.006321612011062821,
        0.0073093638877913866,
        0.007111813512445673,
        0.0061240616357171075,
        0.005531410509679968,
        0.006519162386408534,
        0.005926511260371394,
        0.005728960885025681,
        0.005926511260371394,
        0.0073093638877913866,
        0.004543658632951403,
        0.004938759383642829,
        0.005333860134334255,
        0.006519162386408534,
        0.004938759383642829,
        0.007902015013828527,
        0.004741209008297116,
        0.004938759383642829,
        0.005926511260371394,
        0.004543658632951403,
        0.005531410509679968,
        0.005926511260371394,
        0.005926511260371394,
        0.005136309758988542,
        0.005333860134334255,
        0.005728960885025681,
        0.004543658632951403,
        0.004938759383642829,
        0.005136309758988542,
        0.0061240616357171075,
        0.004148557882259977,
        0.004148557882259977,
        0.0035559067562228367,
        0.005531410509679968,
        0.00434610825760569,
        0.004148557882259977,
        0.005136309758988542,
        0.0039510075069142635,
        0.004741209008297116,
        0.004741209008297116,
        0.00434610825760569,
        0.005728960885025681,
        0.00434610825760569,
        0.005333860134334255,
        0.004148557882259977,
        0.00375345713156855,
        0.004741209008297116
    ]
}