{
    "max_tokens": [
        115,
        116,
        117,
        118,
        119,
        120,
        121,
        122,
        123,
        124,
        125,
        126,
        127,
        128,
        129,
        130,
        131,
        132,
        133,
        134,
        135,
        136,
        137,
        138,
        139,
        140,
        141,
        142,
        143,
        144,
        145,
        146,
        147,
        148,
        149,
        150,
        151,
        152,
        153,
        154,
        155,
        156,
        157,
        158,
        159,
        160,
        161,
        162,
        163,
        164,
        165,
        166,
        167,
        168,
        169,
        170,
        171,
        172,
        173,
        174,
        175,
        176,
        177,
        178,
        179,
        180,
        181,
        182,
        183,
        184,
        185,
        186,
        187,
        188,
        189,
        190,
        191,
        192,
        193,
        194,
        195,
        196,
        197,
        198,
        199,
        200,
        201,
        202,
        203,
        204,
        205,
        206,
        207,
        208,
        209,
        210,
        211,
        212,
        213,
        214,
        215,
        216,
        217,
        218,
        219,
        220,
        221,
        222,
        223,
        224,
        225,
        226,
        227,
        228,
        229,
        230,
        231,
        232,
        233,
        234,
        235,
        236,
        237,
        238,
        239,
        240,
        241,
        242,
        243,
        244,
        245,
        246,
        247,
        248,
        249,
        250,
        251,
        252,
        253,
        254,
        255,
        256,
        257
    ],
    "probabilities": [
        0.006551518761167362,
        0.008933889219773675,
        0.007941234862021045,
        0.008735358348223149,
        0.007742703990470518,
        0.010323605320627358,
        0.009330950962874727,
        0.008735358348223149,
        0.0091324200913242,
        0.00813976573357157,
        0.010919197935278936,
        0.00714711137581894,
        0.006551518761167362,
        0.0091324200913242,
        0.009529481834425254,
        0.008735358348223149,
        0.006154457018066309,
        0.008933889219773675,
        0.007544173118919992,
        0.01012507444907683,
        0.008933889219773675,
        0.009728012705975779,
        0.011316259678379988,
        0.011514790549930515,
        0.008933889219773675,
        0.008735358348223149,
        0.01012507444907683,
        0.007941234862021045,
        0.009926543577526306,
        0.00714711137581894,
        0.009529481834425254,
        0.009926543577526306,
        0.008933889219773675,
        0.005757395274965257,
        0.008933889219773675,
        0.006948580504268414,
        0.007941234862021045,
        0.004764740917212627,
        0.005955926146515783,
        0.007941234862021045,
        0.008338296605122097,
        0.006551518761167362,
        0.006352987889616835,
        0.009926543577526306,
        0.00714711137581894,
        0.005955926146515783,
        0.009330950962874727,
        0.006948580504268414,
        0.009926543577526306,
        0.007345642247369466,
        0.011514790549930515,
        0.007941234862021045,
        0.01072066706372841,
        0.008536827476672622,
        0.007941234862021045,
        0.007742703990470518,
        0.009926543577526306,
        0.006551518761167362,
        0.007941234862021045,
        0.008536827476672622,
        0.008536827476672622,
        0.007345642247369466,
        0.006948580504268414,
        0.007742703990470518,
        0.008338296605122097,
        0.008338296605122097,
        0.006750049632717888,
        0.007544173118919992,
        0.004963271788763153,
        0.006352987889616835,
        0.007544173118919992,
        0.005558864403414731,
        0.008735358348223149,
        0.006352987889616835,
        0.006750049632717888,
        0.006154457018066309,
        0.007941234862021045,
        0.005757395274965257,
        0.005360333531864205,
        0.006154457018066309,
        0.007544173118919992,
        0.008536827476672622,
        0.007742703990470518,
        0.005955926146515783,
        0.005360333531864205,
        0.004963271788763153,
        0.00714711137581894,
        0.008735358348223149,
        0.005955926146515783,
        0.006551518761167362,
        0.004169148302561048,
        0.006352987889616835,
        0.00813976573357157,
        0.005558864403414731,
        0.006948580504268414,
        0.0045662100456621,
        0.004963271788763153,
        0.006154457018066309,
        0.007941234862021045,
        0.005360333531864205,
        0.008536827476672622,
        0.005360333531864205,
        0.004764740917212627,
        0.006551518761167362,
        0.006948580504268414,
        0.0045662100456621,
        0.006750049632717888,
        0.006154457018066309,
        0.0031764939448084176,
        0.005161802660313679,
        0.006948580504268414,
        0.005757395274965257,
        0.003375024816358944,
        0.005360333531864205,
        0.003375024816358944,
        0.005955926146515783,
        0.004367679174111574,
        0.004169148302561048,
        0.005161802660313679,
        0.003772086559459996,
        0.0045662100456621,
        0.006750049632717888,
        0.007345642247369466,
        0.005955926146515783,
        0.005161802660313679,
        0.005360333531864205,
        0.004169148302561048,
        0.0027794322017073653,
        0.005757395274965257,
        0.005757395274965257,
        0.004963271788763153,
        0.006154457018066309,
        0.004764740917212627,
        0.004367679174111574,
        0.005558864403414731,
        0.003772086559459996,
        0.005558864403414731,
        0.004963271788763153,
        0.005757395274965257,
        0.005360333531864205,
        0.005161802660313679,
        0.004367679174111574,
        0.005161802660313679
    ]
}