{
    "max_tokens": [
        18,
        19,
        20,
        21,
        22,
        23,
        24,
        25,
        26,
        27,
        28,
        29,
        30,
        31,
        32,
        33,
        34,
        35,
        36,
        37,
        38,
        39,
        40,
        41,
        42,
        43,
        44,
        45,
        46,
        47,
        48,
        49,
        50,
        51,
        52,
        53,
        54,
        55,
        56,
        57,
        58,
        59,
        60,
        61,
        62,
        63,
        64,
        65,
        66,
        67,
        68,
        69,
        70,
        71,
        72,
        73,
        74,
        75,
        76,
        77,
        78,
        79,
        80,
        81,
        82,
        83,
        84,
        85,
        86,
        87,
        88,
        89,
        90,
        91,
        92,
        93,
        94,
        95,
        96,
        97,
        98,
        99,
        100
    ],
    "probabilities": [
        0.027512374812938875,
        0.02072061701392886,
        0.02555542765051226,
        0.021526418786692758,
        0.022447335098422932,
        0.022562449637389202,
        0.021986876942557847,
        0.022447335098422932,
        0.019684586163232418,
        0.02002992978013123,
        0.02072061701392886,
        0.022562449637389202,
        0.01922412800736733,
        0.020490387935996317,
        0.01910901346840106,
        0.014619546448716473,
        0.018763669851502244,
        0.01577069183837919,
        0.015655577299412915,
        0.01588580637734546,
        0.016346264533210544,
        0.017727639000805803,
        0.0136986301369863,
        0.017842753539772074,
        0.014159088292851387,
        0.01438931737078393,
        0.014504431909750202,
        0.01358351559802003,
        0.01588580637734546,
        0.012317255669391044,
        0.013123057442154943,
        0.013007942903188673,
        0.012432370208357316,
        0.0128928283642224,
        0.010820766662829516,
        0.012662599286289858,
        0.011856797513525958,
        0.010245193967998159,
        0.010590537584896972,
        0.010590537584896972,
        0.010820766662829516,
        0.009784735812133072,
        0.010475423045930701,
        0.009209163117301715,
        0.01036030850696443,
        0.010014964890065614,
        0.010935881201795786,
        0.009439392195234259,
        0.007021986876942558,
        0.008058017727639,
        0.008288246805571544,
        0.00955450673420053,
        0.007827788649706457,
        0.009209163117301715,
        0.007827788649706457,
        0.009209163117301715,
        0.007597559571773915,
        0.0064464141821112,
        0.006561528721077472,
        0.00874870496143663,
        0.007367330493841372,
        0.007827788649706457,
        0.007252215954875101,
        0.007252215954875101,
        0.005755726948313572,
        0.007252215954875101,
        0.005410383331414758,
        0.006216185104178658,
        0.006676643260043744,
        0.005870841487279843,
        0.005985956026246115,
        0.0061010705652123865,
        0.005755726948313572,
        0.006791757799010015,
        0.007021986876942558,
        0.006676643260043744,
        0.004949925175549672,
        0.005985956026246115,
        0.005180154253482215,
        0.008058017727639,
        0.005295268792448486,
        0.005410383331414758,
        0.006561528721077472
    ]
}