{
    "max_tokens": [
        18,
        19,
        20,
        21,
        22,
        23,
        24,
        25,
        26,
        27,
        28,
        29,
        30,
        31,
        32,
        33,
        34,
        35,
        36,
        37,
        38,
        39,
        40,
        41,
        42,
        43,
        44,
        45,
        46,
        47,
        48,
        49,
        50,
        51,
        52,
        53,
        54,
        55,
        56,
        57,
        58,
        59,
        60,
        61,
        62,
        63,
        64,
        65,
        66,
        67,
        68,
        69,
        70,
        71,
        72,
        73,
        74,
        75,
        76,
        77,
        78,
        79,
        80,
        81,
        82,
        83,
        84,
        85,
        86,
        87,
        88,
        89,
        90,
        91,
        92,
        93,
        94,
        95,
        96,
        97,
        98,
        99,
        100
    ],
    "probabilities": [
        0.026578458681522747,
        0.017525533890436398,
        0.0228644382544104,
        0.021239554317548745,
        0.02147168059424327,
        0.02193593314763231,
        0.023444753946146705,
        0.02448932219127205,
        0.02135561745589601,
        0.019614670380687094,
        0.022284122562674095,
        0.020891364902506964,
        0.01915041782729805,
        0.018105849582172703,
        0.018221912720519963,
        0.017525533890436398,
        0.017757660167130918,
        0.016364902506963788,
        0.014391829155060354,
        0.016132776230269267,
        0.017293407613741877,
        0.019266480965645313,
        0.015552460538532962,
        0.014740018570102136,
        0.015436397400185702,
        0.013115134633240483,
        0.015436397400185702,
        0.012650882079851438,
        0.009981429897864439,
        0.011722376973073352,
        0.012650882079851438,
        0.013579387186629526,
        0.013347260909935005,
        0.014623955431754874,
        0.012650882079851438,
        0.012418755803156918,
        0.014275766016713091,
        0.01160631383472609,
        0.011722376973073352,
        0.010561745589600742,
        0.0100974930362117,
        0.010329619312906222,
        0.0100974930362117,
        0.007776230269266481,
        0.01149025069637883,
        0.00893686165273909,
        0.009865366759517177,
        0.009865366759517177,
        0.009981429897864439,
        0.009517177344475394,
        0.008472609099350046,
        0.008240482822655524,
        0.009633240482822656,
        0.008008356545961003,
        0.008588672237697307,
        0.007428040854224698,
        0.008124419684308264,
        0.008820798514391829,
        0.00766016713091922,
        0.007892293407613741,
        0.006615598885793872,
        0.00638347260909935,
        0.008588672237697307,
        0.006267409470752089,
        0.005919220055710306,
        0.007776230269266481,
        0.007428040854224698,
        0.007776230269266481,
        0.0064995357474466105,
        0.006731662024141133,
        0.005222841225626741,
        0.005571030640668524,
        0.007195914577530177,
        0.004642525533890436,
        0.006267409470752089,
        0.006963788300835654,
        0.005687093779015785,
        0.007428040854224698,
        0.004526462395543176,
        0.0060352831940575676,
        0.0049907149489322195,
        0.0054549675023212625,
        0.005222841225626741
    ]
}