{
    "max_tokens": [
        18,
        19,
        20,
        21,
        22,
        23,
        24,
        25,
        26,
        27,
        28,
        29,
        30,
        31,
        32,
        33,
        34,
        35,
        36,
        37,
        38,
        39,
        40,
        41,
        42,
        43,
        44,
        45,
        46,
        47,
        48,
        49,
        50,
        51,
        52,
        53,
        54,
        55,
        56,
        57,
        58,
        59,
        60,
        61,
        62,
        63,
        64,
        65,
        66,
        67,
        68,
        69,
        70,
        71,
        72,
        73,
        74,
        75,
        76,
        77,
        78,
        79,
        80,
        81,
        82,
        83,
        84,
        85,
        86,
        87,
        88,
        89,
        90,
        91,
        92,
        93,
        94,
        95,
        96,
        97,
        98,
        99
    ],
    "probabilities": [
        0.023505513639001743,
        0.02170632617527568,
        0.023650609402205456,
        0.02118398142774231,
        0.021096923969820082,
        0.023563551944283227,
        0.022199651770168312,
        0.02199651770168311,
        0.02190946024376088,
        0.02098084735925711,
        0.02167730702263494,
        0.020632617527568196,
        0.018920487521764364,
        0.01877539175856065,
        0.018514219384793962,
        0.017614625652930933,
        0.018833430063842135,
        0.017701683110853163,
        0.01636680208937899,
        0.015525246662797447,
        0.016221706326175277,
        0.016047591410330818,
        0.01567034242600116,
        0.015235055136390018,
        0.013784097504352872,
        0.013639001741149159,
        0.014596633778293674,
        0.013522925130586188,
        0.012623331398723157,
        0.01456761462565293,
        0.012420197330237958,
        0.013900174114915844,
        0.013377829367382472,
        0.014045269878119559,
        0.011752756819500871,
        0.012623331398723157,
        0.011056297156123041,
        0.010882182240278584,
        0.010621009866511898,
        0.011056297156123041,
        0.010272780034822983,
        0.010214741729541498,
        0.010185722576900754,
        0.009576320371445153,
        0.010388856645385955,
        0.009663377829367383,
        0.010214741729541498,
        0.009982588508415555,
        0.010737086477074869,
        0.00922809053975624,
        0.01033081834010447,
        0.00853163087637841,
        0.009053975623911782,
        0.008067324434126524,
        0.008879860708067325,
        0.007777132907719094,
        0.008299477655252466,
        0.00824143934997098,
        0.007719094602437609,
        0.008067324434126524,
        0.007806152060359837,
        0.007080673244341265,
        0.0071967498549042365,
        0.006848520023215322,
        0.007341845618107952,
        0.006703424260011608,
        0.006500290191526407,
        0.006558328496807893,
        0.006848520023215322,
        0.006703424260011608,
        0.0062681369704004645,
        0.006384213580963436,
        0.0062681369704004645,
        0.0062681369704004645,
        0.006006964596633778,
        0.0057167730702263496,
        0.005687753917585607,
        0.006239117817759722,
        0.006006964596633778,
        0.005687753917585607,
        0.005571677307022635,
        0.004875217643644805
    ]
}