{
    "max_tokens": [
        439,
        440,
        441,
        442,
        443,
        444,
        445,
        446,
        447,
        448,
        449,
        450,
        451,
        452,
        453,
        454,
        455,
        456,
        457,
        458,
        459,
        460,
        461,
        462,
        463,
        464,
        465,
        466,
        467,
        468,
        469,
        470,
        471,
        472,
        473,
        474,
        475,
        476,
        477,
        478,
        479,
        480,
        481,
        482,
        483,
        484,
        485,
        486,
        487,
        488,
        489,
        490,
        491,
        492,
        493,
        494,
        495,
        496,
        497,
        498,
        499,
        500,
        501,
        502,
        503,
        504,
        505,
        506,
        507,
        508,
        509,
        510,
        511,
        512,
        513,
        514,
        515,
        516,
        517,
        518,
        519,
        520,
        521,
        522,
        523,
        524,
        525,
        526,
        527,
        528,
        529,
        530,
        531,
        532,
        533,
        534,
        535,
        536,
        537,
        538,
        539,
        540,
        541,
        542,
        543,
        544,
        545,
        546,
        547,
        548,
        549,
        550,
        551,
        552,
        553,
        554,
        555,
        556,
        557,
        558,
        559,
        560,
        561,
        562,
        563,
        564,
        565,
        566,
        567,
        568,
        569,
        570,
        571,
        572,
        573,
        574,
        575,
        576,
        577,
        578,
        579,
        580,
        581,
        582,
        583,
        584,
        585,
        586
    ],
    "probabilities": [
        0.004267357115458381,
        0.004099539700805524,
        0.0037399309551208286,
        0.0038837744533947068,
        0.00362006137322593,
        0.003428270042194093,
        0.0044591484464902185,
        0.0033323743766781743,
        0.0041474875335634825,
        0.004099539700805524,
        0.004602991944764097,
        0.004626965861143076,
        0.004027617951668585,
        0.0035001917913310317,
        0.003476217874952052,
        0.004123513617184504,
        0.004003644035289605,
        0.004435174530111239,
        0.004171461449942462,
        0.003955696202531646,
        0.00433927886459532,
        0.005106444188722669,
        0.004435174530111239,
        0.004890678941311853,
        0.0037399309551208286,
        0.003955696202531646,
        0.004842731108553894,
        0.005466052934407365,
        0.00508247027234369,
        0.004746835443037975,
        0.0043632527809743,
        0.00508247027234369,
        0.004507096279248178,
        0.005346183352512466,
        0.005130418105101649,
        0.004602991944764097,
        0.0054900268507863444,
        0.004962600690448792,
        0.0046988876102800154,
        0.0058736095128500195,
        0.005657844265439202,
        0.004818757192174914,
        0.004555044112006137,
        0.005633870349060223,
        0.004818757192174914,
        0.005106444188722669,
        0.005945531261986959,
        0.006017453011123897,
        0.00584963559647104,
        0.005585922516302263,
        0.005609896432681243,
        0.005753739930955121,
        0.005777713847334101,
        0.006113348676639816,
        0.005753739930955121,
        0.005370157268891446,
        0.005657844265439202,
        0.005585922516302263,
        0.005753739930955121,
        0.005729766014576141,
        0.006161296509397775,
        0.00654487917146145,
        0.005681818181818182,
        0.006209244342155734,
        0.007096279248177982,
        0.006760644418872267,
        0.006448983505945531,
        0.006185270425776755,
        0.006832566168009206,
        0.006233218258534714,
        0.007168200997314921,
        0.006760644418872267,
        0.006928461833525124,
        0.006185270425776755,
        0.007168200997314921,
        0.007000383582662063,
        0.00726409666283084,
        0.00726409666283084,
        0.007527809742999617,
        0.008247027234369007,
        0.006784618335251247,
        0.007743574990410434,
        0.006928461833525124,
        0.007551783659378596,
        0.0071442270809359415,
        0.008366896816263904,
        0.007959340237821251,
        0.007623705408515535,
        0.007863444572305332,
        0.009277905638665132,
        0.008342922899884924,
        0.00803126198695819,
        0.008127157652474109,
        0.008486766398158803,
        0.007359992328346759,
        0.00726409666283084,
        0.008366896816263904,
        0.008318948983505945,
        0.007959340237821251,
        0.00863060989643268,
        0.008294975067126965,
        0.00870253164556962,
        0.008486766398158803,
        0.008271001150747987,
        0.008342922899884924,
        0.00800728807057921,
        0.008414844649021863,
        0.008151131568853089,
        0.009110088224012275,
        0.008534714230916762,
        0.009205983889528193,
        0.008822401227464518,
        0.008342922899884924,
        0.009325853471423092,
        0.0087265055619486,
        0.009062140391254315,
        0.008870349060222478,
        0.008151131568853089,
        0.009182009973149214,
        0.008846375143843498,
        0.00807920981971615,
        0.00803126198695819,
        0.008870349060222478,
        0.009325853471423092,
        0.009565592635212889,
        0.00944572305331799,
        0.009301879555044112,
        0.008127157652474109,
        0.009134062140391254,
        0.008486766398158803,
        0.008870349060222478,
        0.009349827387802071,
        0.008558688147295742,
        0.008966244725738396,
        0.009925201380897584,
        0.009086114307633295,
        0.00949367088607595,
        0.009038166474875335,
        0.008486766398158803,
        0.008175105485232068,
        0.008870349060222478,
        0.008318948983505945,
        0.008271001150747987,
        0.008223053317990028,
        0.00867855772919064,
        0.008414844649021863,
        0.008534714230916762,
        0.007959340237821251
    ]
}