{
    "max_tokens": [
        428,
        429,
        430,
        431,
        432,
        433,
        434,
        435,
        436,
        437,
        438,
        439,
        440,
        441,
        442,
        443,
        444,
        445,
        446,
        447,
        448,
        449,
        450,
        451,
        452,
        453,
        454,
        455,
        456,
        457,
        458,
        459,
        460,
        461,
        462,
        463,
        464,
        465,
        466,
        467,
        468,
        469,
        470,
        471,
        472,
        473,
        474,
        475,
        476,
        477,
        478,
        479,
        480,
        481,
        482,
        483,
        484,
        485,
        486,
        487,
        488,
        489,
        490,
        491,
        492,
        493,
        494,
        495,
        496,
        497,
        498,
        499,
        500,
        501,
        502,
        503,
        504,
        505,
        506,
        507,
        508,
        509,
        510,
        511,
        512,
        513,
        514,
        515,
        516,
        517,
        518,
        519,
        520,
        521,
        522,
        523,
        524,
        525,
        526,
        527,
        528,
        529,
        530,
        531,
        532,
        533,
        534,
        535,
        536,
        537,
        538,
        539,
        540,
        541,
        542,
        543,
        544,
        545,
        546,
        547,
        548,
        549,
        550,
        551,
        552,
        553,
        554,
        555,
        556,
        557,
        558,
        559,
        560,
        561,
        562,
        563,
        564,
        565,
        566,
        567,
        568,
        569,
        570,
        571,
        572,
        573,
        574,
        575,
        576,
        577,
        578,
        579,
        580,
        581,
        582,
        583,
        584
    ],
    "probabilities": [
        0.004061288536090087,
        0.004061288536090087,
        0.003507476462986893,
        0.0046151006091932805,
        0.003507476462986893,
        0.003322872438619162,
        0.004061288536090087,
        0.0027690603655159685,
        0.005168912682296474,
        0.0038766845117223555,
        0.0031382684142514305,
        0.0036920804873546245,
        0.0036920804873546245,
        0.0027690603655159685,
        0.0036920804873546245,
        0.0029536643898836995,
        0.0029536643898836995,
        0.004061288536090087,
        0.003507476462986893,
        0.0042458925604578176,
        0.002584456341148237,
        0.0042458925604578176,
        0.0020306442680450435,
        0.004061288536090087,
        0.003322872438619162,
        0.0053535167066642055,
        0.004430496584825549,
        0.0042458925604578176,
        0.0046151006091932805,
        0.004061288536090087,
        0.0038766845117223555,
        0.003507476462986893,
        0.004061288536090087,
        0.006830348901606055,
        0.004799704633561012,
        0.0029536643898836995,
        0.0046151006091932805,
        0.0038766845117223555,
        0.005168912682296474,
        0.0036920804873546245,
        0.004430496584825549,
        0.0046151006091932805,
        0.006276536828502861,
        0.004799704633561012,
        0.0064611408528705925,
        0.0060919328041351304,
        0.005168912682296474,
        0.0049843086579287425,
        0.005538120731031937,
        0.0049843086579287425,
        0.0057227247553996675,
        0.004799704633561012,
        0.004799704633561012,
        0.004061288536090087,
        0.0049843086579287425,
        0.0036920804873546245,
        0.004799704633561012,
        0.0053535167066642055,
        0.007014952925973786,
        0.0049843086579287425,
        0.004430496584825549,
        0.005907328779767399,
        0.0071995569503415175,
        0.0075687649990769795,
        0.006645744877238324,
        0.0042458925604578176,
        0.0057227247553996675,
        0.005168912682296474,
        0.006645744877238324,
        0.004061288536090087,
        0.005538120731031937,
        0.005907328779767399,
        0.005538120731031937,
        0.0057227247553996675,
        0.007937973047812442,
        0.0071995569503415175,
        0.008122577072180174,
        0.007753369023444711,
        0.006645744877238324,
        0.0060919328041351304,
        0.0053535167066642055,
        0.0075687649990769795,
        0.007753369023444711,
        0.0057227247553996675,
        0.0064611408528705925,
        0.00904559719401883,
        0.006276536828502861,
        0.005538120731031937,
        0.0060919328041351304,
        0.008676389145283367,
        0.006830348901606055,
        0.0075687649990769795,
        0.009230201218386561,
        0.006830348901606055,
        0.008307181096547905,
        0.008676389145283367,
        0.006645744877238324,
        0.005907328779767399,
        0.007937973047812442,
        0.0071995569503415175,
        0.007753369023444711,
        0.008122577072180174,
        0.00904559719401883,
        0.0064611408528705925,
        0.00904559719401883,
        0.009230201218386561,
        0.007937973047812442,
        0.007014952925973786,
        0.009414805242754292,
        0.006645744877238324,
        0.0071995569503415175,
        0.008122577072180174,
        0.008676389145283367,
        0.0075687649990769795,
        0.0060919328041351304,
        0.00904559719401883,
        0.008307181096547905,
        0.0071995569503415175,
        0.007384160974709249,
        0.008122577072180174,
        0.009414805242754292,
        0.010707033413328411,
        0.008307181096547905,
        0.009968617315857485,
        0.008307181096547905,
        0.0057227247553996675,
        0.006645744877238324,
        0.008491785120915635,
        0.0060919328041351304,
        0.011445449510799335,
        0.01052242938896068,
        0.0071995569503415175,
        0.0071995569503415175,
        0.009414805242754292,
        0.011445449510799335,
        0.009784013291489755,
        0.010891637437696142,
        0.008491785120915635,
        0.009599409267122024,
        0.009968617315857485,
        0.00904559719401883,
        0.0075687649990769795,
        0.00904559719401883,
        0.0057227247553996675,
        0.0053535167066642055,
        0.0071995569503415175,
        0.008307181096547905,
        0.008860993169651098,
        0.008676389145283367,
        0.0064611408528705925,
        0.007014952925973786,
        0.008676389145283367,
        0.010337825364592948,
        0.008676389145283367,
        0.008307181096547905,
        0.008122577072180174,
        0.007384160974709249
    ]
}