{
    "max_tokens": [
        409,
        410,
        411,
        412,
        413,
        414,
        415,
        416,
        417,
        418,
        419,
        420,
        421,
        422,
        423,
        424,
        425,
        426,
        427,
        428,
        429,
        430,
        431,
        432,
        433,
        434,
        435,
        436,
        437,
        438,
        439,
        440,
        441,
        442,
        443,
        444,
        445,
        446,
        447,
        448,
        449,
        450,
        451,
        452,
        453,
        454,
        455,
        456,
        457,
        458,
        459,
        460,
        461,
        462,
        463,
        464,
        465,
        466,
        467,
        468,
        469,
        470,
        471,
        472,
        473,
        474,
        475,
        476,
        477,
        478,
        479,
        480,
        481,
        482,
        483,
        484,
        485,
        486,
        487,
        488,
        489,
        490,
        491,
        492,
        493,
        494,
        495,
        496,
        497,
        498,
        499,
        500,
        501,
        502,
        503,
        504,
        505,
        506,
        507,
        508,
        509,
        510,
        511,
        512,
        513,
        514,
        515,
        516,
        517,
        518,
        519,
        520,
        521,
        522,
        523,
        524,
        525,
        526,
        527,
        528,
        529,
        530,
        531,
        532,
        533,
        534,
        535,
        536,
        537,
        538,
        539,
        540,
        541,
        542,
        543,
        544,
        545,
        546,
        547,
        548,
        549,
        550,
        551,
        552,
        553,
        554,
        555,
        556,
        557,
        558,
        559,
        560,
        561,
        562,
        563,
        564,
        565,
        566,
        567,
        568,
        569,
        570,
        571,
        572,
        573,
        574,
        575,
        576,
        577,
        578,
        579,
        580,
        581,
        582
    ],
    "probabilities": [
        0.003954444795950649,
        0.0033217336285985446,
        0.002689022461246441,
        0.0033217336285985446,
        0.002689022461246441,
        0.004745333755140778,
        0.0031635558367605187,
        0.002689022461246441,
        0.002689022461246441,
        0.002530844669408415,
        0.0030053780449224928,
        0.0033217336285985446,
        0.002689022461246441,
        0.0037962670041126224,
        0.002530844669408415,
        0.0034799114204365706,
        0.0030053780449224928,
        0.0034799114204365706,
        0.002847200253084467,
        0.0031635558367605187,
        0.0045871559633027525,
        0.003954444795950649,
        0.0031635558367605187,
        0.0036380892122745965,
        0.004903511546978804,
        0.0036380892122745965,
        0.0036380892122745965,
        0.0037962670041126224,
        0.002847200253084467,
        0.00506168933881683,
        0.0034799114204365706,
        0.0018981335020563112,
        0.0033217336285985446,
        0.0037962670041126224,
        0.0036380892122745965,
        0.004428978171464726,
        0.0036380892122745965,
        0.0045871559633027525,
        0.002372666877570389,
        0.0037962670041126224,
        0.004270800379626701,
        0.0033217336285985446,
        0.002530844669408415,
        0.002847200253084467,
        0.003954444795950649,
        0.0037962670041126224,
        0.003954444795950649,
        0.0031635558367605187,
        0.00506168933881683,
        0.0031635558367605187,
        0.004745333755140778,
        0.004428978171464726,
        0.004428978171464726,
        0.003954444795950649,
        0.0033217336285985446,
        0.0037962670041126224,
        0.0036380892122745965,
        0.0036380892122745965,
        0.004428978171464726,
        0.0034799114204365706,
        0.0045871559633027525,
        0.0060107560898449855,
        0.003954444795950649,
        0.005536222714330908,
        0.00585257829800696,
        0.005378044922492882,
        0.0037962670041126224,
        0.004745333755140778,
        0.0045871559633027525,
        0.005378044922492882,
        0.00585257829800696,
        0.005219867130654856,
        0.004903511546978804,
        0.003954444795950649,
        0.004903511546978804,
        0.004745333755140778,
        0.004745333755140778,
        0.0060107560898449855,
        0.004745333755140778,
        0.00585257829800696,
        0.004903511546978804,
        0.005536222714330908,
        0.004745333755140778,
        0.0071180006327111675,
        0.00585257829800696,
        0.005378044922492882,
        0.006959822840873141,
        0.004903511546978804,
        0.005694400506168934,
        0.005219867130654856,
        0.007750711800063271,
        0.004903511546978804,
        0.0060107560898449855,
        0.0060107560898449855,
        0.0060107560898449855,
        0.005694400506168934,
        0.005219867130654856,
        0.004903511546978804,
        0.007434356216387219,
        0.007750711800063271,
        0.0060107560898449855,
        0.006643467257197089,
        0.005536222714330908,
        0.007750711800063271,
        0.008541600759253401,
        0.007276178424549193,
        0.007592534008225245,
        0.007908889591901298,
        0.008067067383739322,
        0.005694400506168934,
        0.007434356216387219,
        0.005219867130654856,
        0.006327111673521037,
        0.009016134134767479,
        0.007276178424549193,
        0.005378044922492882,
        0.008383422967415375,
        0.006959822840873141,
        0.006327111673521037,
        0.008857956342929452,
        0.005694400506168934,
        0.005694400506168934,
        0.006327111673521037,
        0.007434356216387219,
        0.007276178424549193,
        0.007908889591901298,
        0.006801645049035116,
        0.008067067383739322,
        0.007592534008225245,
        0.007276178424549193,
        0.006168933881683012,
        0.008067067383739322,
        0.008541600759253401,
        0.008225245175577349,
        0.006801645049035116,
        0.006643467257197089,
        0.008225245175577349,
        0.009016134134767479,
        0.0071180006327111675,
        0.009490667510281556,
        0.007434356216387219,
        0.008857956342929452,
        0.009648845302119582,
        0.006485289465359064,
        0.008225245175577349,
        0.010281556469471686,
        0.008067067383739322,
        0.007434356216387219,
        0.007276178424549193,
        0.0071180006327111675,
        0.008383422967415375,
        0.009965200885795633,
        0.010439734261309713,
        0.006959822840873141,
        0.006959822840873141,
        0.011388801012337867,
        0.007908889591901298,
        0.008383422967415375,
        0.007908889591901298,
        0.006643467257197089,
        0.007908889591901298,
        0.008699778551091426,
        0.007592534008225245,
        0.007750711800063271,
        0.007750711800063271,
        0.007908889591901298,
        0.007592534008225245,
        0.008857956342929452,
        0.008067067383739322,
        0.007592534008225245,
        0.007592534008225245,
        0.008067067383739322,
        0.009490667510281556,
        0.006801645049035116
    ]
}