{
    "max_tokens": [
        23,
        24,
        25,
        26,
        27,
        28,
        29,
        30,
        31,
        32,
        33,
        34,
        35,
        36,
        37,
        38,
        39,
        40
    ],
    "probabilities": [
        0.047657566565554435,
        0.04634310751600944,
        0.050657229524772494,
        0.056858779912369393,
        0.05325244354566903,
        0.05396022918773172,
        0.056993596225143245,
        0.054903943377148635,
        0.05224132119986518,
        0.049679811257162115,
        0.053522076171216716,
        0.05611729019211325,
        0.05608358611391978,
        0.05948769801145939,
        0.06107178968655207,
        0.06397034041118975,
        0.062487360970677454,
        0.06471183013144591
    ]
}