{
    "max_tokens": [
        23,
        24,
        25,
        26,
        27,
        28,
        29,
        30,
        31,
        32,
        33,
        34,
        35,
        36,
        37,
        38,
        39,
        40
    ],
    "probabilities": [
        0.04625668449197861,
        0.04786096256684492,
        0.04866310160427807,
        0.05641711229946524,
        0.05481283422459893,
        0.05213903743315508,
        0.05855614973262032,
        0.05401069518716577,
        0.05053475935828877,
        0.05267379679144385,
        0.04732620320855615,
        0.05374331550802139,
        0.057754010695187166,
        0.05802139037433155,
        0.058288770053475936,
        0.06871657754010695,
        0.06951871657754011,
        0.06470588235294118
    ]
}