{
    "max_tokens": [
        22,
        23,
        24,
        25,
        26,
        27,
        28,
        29,
        30,
        31,
        32,
        33,
        34,
        35,
        36,
        37,
        38,
        39,
        40
    ],
    "probabilities": [
        0.045821400676907056,
        0.04738349388180162,
        0.04868523821921374,
        0.04634209841187191,
        0.05285082009893257,
        0.04946628482166102,
        0.04946628482166102,
        0.06092163499088779,
        0.04894558708669617,
        0.045821400676907056,
        0.04842488935173132,
        0.055975006508721684,
        0.05233012236396772,
        0.05285082009893257,
        0.05857849518354595,
        0.05623535537620411,
        0.05961989065347566,
        0.05701640197865139,
        0.06326477479822963
    ]
}